,ABILIFY,ACETAMINOPHEN.CODEINE,ACYCLOVIR,ADVAIR.DISKUS,AGGRENOX,ALENDRONATE.SODIUM,ALLOPURINOL,ALPRAZOLAM,AMIODARONE.HCL,AMITRIPTYLINE.HCL,AMLODIPINE.BESYLATE,AMLODIPINE.BESYLATE.BENAZEPRIL,AMOXICILLIN,AMOX.TR.POTASSIUM.CLAVULANATE,AMPHETAMINE.SALT.COMBO,ATENOLOL,ATORVASTATIN.CALCIUM,AVODART,AZITHROMYCIN,BACLOFEN,BD.ULTRA.FINE.PEN.NEEDLE,BENAZEPRIL.HCL,BENICAR,BENICAR.HCT,BENZTROPINE.MESYLATE,BISOPROLOL.HYDROCHLOROTHIAZIDE,BRIMONIDINE.TARTRATE,BUMETANIDE,BUPROPION.HCL.SR,BUPROPION.XL,BUSPIRONE.HCL,BYSTOLIC,CARBAMAZEPINE,CARBIDOPA.LEVODOPA,CARISOPRODOL,CARTIA.XT,CARVEDILOL,CEFUROXIME,CELEBREX,CEPHALEXIN,CHLORHEXIDINE.GLUCONATE,CHLORTHALIDONE,CILOSTAZOL,CIPROFLOXACIN.HCL,CITALOPRAM.HBR,CLINDAMYCIN.HCL,CLOBETASOL.PROPIONATE,CLONAZEPAM,CLONIDINE.HCL,CLOPIDOGREL,CLOTRIMAZOLE.BETAMETHASONE,COLCRYS,COMBIVENT.RESPIMAT,CRESTOR,CYCLOBENZAPRINE.HCL,DEXILANT,DIAZEPAM,DICLOFENAC.SODIUM,DICYCLOMINE.HCL,DIGOX,DIGOXIN,DILTIAZEM.24HR.CD,DILTIAZEM.24HR.ER,DILTIAZEM.ER,DILTIAZEM.HCL,DIOVAN,DIPHENOXYLATE.ATROPINE,DIVALPROEX.SODIUM,DIVALPROEX.SODIUM.ER,DONEPEZIL.HCL,DORZOLAMIDE.TIMOLOL,DOXAZOSIN.MESYLATE,DOXEPIN.HCL,DOXYCYCLINE.HYCLATE,DULOXETINE.HCL,ENALAPRIL.MALEATE,ESCITALOPRAM.OXALATE,ESTRADIOL,EXELON,FAMOTIDINE,FELODIPINE.ER,FENOFIBRATE,FENTANYL,FINASTERIDE,FLOVENT.HFA,FLUCONAZOLE,FLUOXETINE.HCL,FLUTICASONE.PROPIONATE,FUROSEMIDE,GABAPENTIN,GEMFIBROZIL,GLIMEPIRIDE,GLIPIZIDE,GLIPIZIDE.ER,GLIPIZIDE.XL,GLYBURIDE,HALOPERIDOL,HUMALOG,HYDRALAZINE.HCL,HYDROCHLOROTHIAZIDE,HYDROCODONE.ACETAMINOPHEN,HYDROCORTISONE,HYDROMORPHONE.HCL,HYDROXYZINE.HCL,IBANDRONATE.SODIUM,IBUPROFEN,INSULIN.SYRINGE,IPRATROPIUM.BROMIDE,IRBESARTAN,ISOSORBIDE.MONONITRATE.ER,JANTOVEN,JANUMET,JANUVIA,KETOCONAZOLE,KLOR.CON.10,KLOR.CON.M10,KLOR.CON.M20,LABETALOL.HCL,LACTULOSE,LAMOTRIGINE,LANSOPRAZOLE,LANTUS,LANTUS.SOLOSTAR,LATANOPROST,LEVEMIR,LEVEMIR.FLEXPEN,LEVETIRACETAM,LEVOFLOXACIN,LEVOTHYROXINE.SODIUM,LIDOCAINE,LISINOPRIL,LISINOPRIL.HYDROCHLOROTHIAZIDE,LITHIUM.CARBONATE,LORAZEPAM,LOSARTAN.HYDROCHLOROTHIAZIDE,LOSARTAN.POTASSIUM,LOVASTATIN,LOVAZA,LUMIGAN,LYRICA,MECLIZINE.HCL,MELOXICAM,METFORMIN.HCL,METFORMIN.HCL.ER,METHADONE.HCL,METHOCARBAMOL,METHOTREXATE,METHYLPREDNISOLONE,METOCLOPRAMIDE.HCL,METOLAZONE,METOPROLOL.SUCCINATE,METOPROLOL.TARTRATE,METRONIDAZOLE,MIRTAZAPINE,MONTELUKAST.SODIUM,MORPHINE.SULFATE,MORPHINE.SULFATE.ER,MUPIROCIN,NABUMETONE,NAMENDA,NAMENDA.XR,NAPROXEN,NASONEX,NEXIUM,NIACIN.ER,NIFEDICAL.XL,NIFEDIPINE.ER,NITROFURANTOIN.MONO.MACRO,NITROSTAT,NORTRIPTYLINE.HCL,NOVOLOG,NOVOLOG.FLEXPEN,NYSTATIN,OLANZAPINE,OMEPRAZOLE,ONDANSETRON.HCL,ONDANSETRON.ODT,ONGLYZA,OXCARBAZEPINE,OXYBUTYNIN.CHLORIDE,OXYBUTYNIN.CHLORIDE.ER,OXYCODONE.ACETAMINOPHEN,OXYCODONE.HCL,OXYCONTIN,PANTOPRAZOLE.SODIUM,PAROXETINE.HCL,PHENOBARBITAL,PHENYTOIN.SODIUM.EXTENDED,PIOGLITAZONE.HCL,POLYETHYLENE.GLYCOL.3350,POTASSIUM.CHLORIDE,PRADAXA,PRAMIPEXOLE.DIHYDROCHLORIDE,PRAVASTATIN.SODIUM,PREDNISONE,PREMARIN,PRIMIDONE,PROAIR.HFA,PROMETHAZINE.HCL,PROPRANOLOL.HCL,PROPRANOLOL.HCL.ER,QUETIAPINE.FUMARATE,QUINAPRIL.HCL,RALOXIFENE.HCL,RAMIPRIL,RANEXA,RANITIDINE.HCL,RESTASIS,RISPERIDONE,ROPINIROLE.HCL,SEROQUEL.XR,SERTRALINE.HCL,SIMVASTATIN,SOTALOL,SPIRIVA,SPIRONOLACTONE,SUCRALFATE,SULFAMETHOXAZOLE.TRIMETHOPRIM,SUMATRIPTAN.SUCCINATE,SYMBICORT,SYNTHROID,TAMSULOSIN.HCL,TEMAZEPAM,TERAZOSIN.HCL,TIMOLOL.MALEATE,TIZANIDINE.HCL,TOLTERODINE.TARTRATE.ER,TOPIRAMATE,TOPROL.XL,TORSEMIDE,TRAMADOL.HCL,TRAVATAN.Z,TRAZODONE.HCL,TRIAMCINOLONE.ACETONIDE,TRIAMTERENE.HYDROCHLOROTHIAZID,VALACYCLOVIR,VALSARTAN,VALSARTAN.HYDROCHLOROTHIAZIDE,VENLAFAXINE.HCL,VENLAFAXINE.HCL.ER,VENTOLIN.HFA,VERAPAMIL.ER,VESICARE,VOLTAREN,VYTORIN,WARFARIN.SODIUM,XARELTO,ZETIA,ZIPRASIDONE.HCL,ZOLPIDEM.TARTRATE,Opioid.Prescriber,Deaths
AK,11,11,0,70,46,87,36,90,0,43,703,0,0,29,12,267,511,14,37,52,12,0,0,19,12,11,0,0,55,14,29,0,0,0,43,0,203,0,112,29,11,46,0,31,220,0,53,131,86,83,0,0,57,93,13,0,90,11,0,0,0,13,15,12,0,76,0,52,0,117,0,52,0,26,154,0,89,18,12,58,0,40,41,157,0,0,27,0,367,406,41,23,165,0,45,0,15,11,30,396,430,0,84,22,0,37,11,0,13,72,0,0,16,0,34,0,0,21,13,27,0,62,88,0,0,0,11,16,506,11,823,182,21,136,28,261,52,44,0,31,0,31,439,103,69,0,48,0,0,11,290,135,14,45,103,11,157,13,0,45,12,41,0,136,0,0,0,11,18,12,0,0,61,46,709,17,0,0,0,58,0,87,217,31,197,138,22,53,12,62,123,0,0,174,103,48,0,127,0,27,13,148,0,0,0,0,156,0,85,12,0,176,521,0,87,11,0,15,0,32,190,267,0,26,0,66,11,45,0,24,118,15,222,75,30,0,0,13,0,67,28,11,13,29,0,162,16,30,111,136,27,124.0
AL,1033,920,661,3335,395,3303,6682,12344,2027,3416,27347,3226,3018,1991,1070,7041,20654,532,5470,1723,2559,2175,849,759,666,1491,486,1117,1124,1982,2043,2080,620,1738,767,451,16534,388,2859,2738,296,977,522,4189,9175,861,1047,8199,6071,11553,770,1442,768,6237,2879,1056,1983,1044,1022,2014,1972,835,1841,824,495,1917,561,1561,794,7098,614,1325,964,2209,6206,2660,6736,2042,1589,2372,826,4301,1738,1304,51,2773,3861,6962,21176,17058,1238,5661,2315,1245,444,632,483,2377,4602,11395,34560,431,222,1054,299,2194,1775,255,862,4394,104,518,2792,671,1145,890,3003,730,734,1166,1261,2656,3340,3300,1315,1179,2128,4451,31051,482,23589,8206,276,6757,7687,13261,2447,652,1054,4944,2170,13435,16966,4604,709,1593,2011,2620,1466,686,12224,11680,1168,5296,5936,488,1100,1037,508,5508,1072,1898,522,7901,556,397,1134,1043,1389,1133,1633,867,1177,1158,31313,1551,441,483,346,1436,1186,4001,1641,716,13929,2811,622,1034,2035,2456,13357,1214,1444,15562,6754,1210,827,4581,2307,989,488,5036,828,567,3118,953,4737,648,2303,2976,270,8525,22557,726,3411,4175,1551,3806,640,1249,3198,6920,2414,1057,1060,4243,637,1542,167,1356,15264,608,9645,1901,4619,841,429,2394,646,2585,835,1857,1196,1123,700,9376,3174,2985,320,7632,244,723.0
AR,1373,580,325,1392,279,1819,2639,5055,842,2073,12865,1069,2185,696,674,3926,8302,542,2130,929,691,863,570,483,1347,395,73,485,501,1183,1049,963,542,900,802,119,5878,409,789,1212,251,230,271,2291,5932,476,223,5016,1832,5980,308,200,408,1894,1320,602,2186,652,275,854,907,695,383,435,279,1141,103,654,1268,3596,820,964,301,722,3035,1534,2833,1179,473,1267,146,1733,941,2178,144,977,2625,2783,10501,9833,589,2342,1839,1056,404,404,908,338,1173,5904,16788,117,235,240,251,952,570,26,328,2420,88,237,955,223,232,442,1308,348,166,1312,725,1074,1273,3435,351,431,1137,1444,14123,0,14600,3675,485,3023,1798,4983,1365,111,294,1908,526,5577,8402,1413,573,302,161,702,775,248,4714,7461,253,1909,1786,193,1174,394,168,1986,477,1013,206,2679,253,264,1406,480,481,769,469,373,382,1204,12135,344,281,254,304,1300,648,2475,2065,364,3334,1427,141,650,691,1251,7189,431,612,7106,2098,852,462,2067,803,1040,179,2722,497,385,906,457,2581,615,2248,1058,246,4051,11817,529,1220,1878,728,1727,305,652,1785,5549,939,996,901,1954,165,1034,0,183,5433,434,4825,797,2828,216,144,1367,564,1654,631,616,1087,375,237,5064,772,1150,421,3744,159,356.0
AZ,638,1102,1166,3041,28,4645,3443,5025,949,2291,16011,550,2519,1390,290,6768,14195,506,3130,2456,1449,1078,833,136,948,255,165,469,1325,974,933,969,251,1511,1176,442,5467,29,1194,2492,462,299,280,3970,5095,519,1074,3318,1854,6490,207,277,321,3909,1414,382,1845,1471,378,1175,657,415,885,616,233,1220,74,540,714,3414,283,1699,330,1029,3280,992,2784,1095,478,925,202,2392,1436,3704,343,1169,3540,7051,9813,12459,1081,1941,3059,621,538,493,535,796,1647,8279,16095,391,728,504,688,2496,1389,394,598,1427,40,212,1282,333,957,394,749,355,360,1586,267,2843,1881,1823,479,529,1287,2055,24786,1045,25356,2529,293,5140,1255,8961,4321,130,930,2809,457,2720,13071,1395,1032,1033,1811,1566,192,366,7099,11334,586,1532,4047,958,5101,437,288,1425,620,1267,309,1146,230,180,1524,529,492,959,570,502,459,853,14522,590,287,256,291,1696,981,8770,8526,1678,5843,2072,74,273,1241,935,5112,632,634,7522,6173,616,577,4320,439,1064,216,2356,445,292,557,171,3761,392,1637,1342,72,4825,15932,639,2711,2022,184,1461,574,1499,3008,6405,1661,1396,742,2613,115,1113,197,174,7284,678,5446,1601,2562,349,320,757,431,1869,492,878,690,890,538,7135,1500,1390,325,4605,331,1211.0
CA,8621,9133,4133,15647,1385,37710,21433,24925,6326,7657,105510,3855,13566,3602,740,55657,106027,4707,14922,9228,5173,25440,4571,2038,10969,382,4158,1065,4850,6346,4807,4256,3131,6731,6341,656,36074,943,8920,13531,2131,2688,2344,19034,18690,1497,5052,19223,13994,34753,1776,3609,2671,18155,4426,5324,8884,5992,1760,6229,4561,2540,4144,1989,1497,17355,1597,10143,5571,25412,3679,8517,1037,3337,12912,8347,16271,5906,2020,18668,2959,11923,5677,17957,957,2568,18371,30372,61750,54876,4797,10638,28350,1736,995,2983,4588,3691,11302,53522,110347,2950,2996,2479,2256,25094,9824,1947,1113,12157,685,2019,14370,4528,2181,799,1563,2760,5374,7922,3035,11632,7352,17585,1918,1704,8632,7935,99884,4374,104045,12945,3036,31784,10833,63904,26375,4539,4869,7821,5600,13992,79029,7123,4012,1243,6156,2073,3124,1418,32735,49451,2418,12349,16183,1471,8313,2386,1922,12993,3524,10143,2765,15510,1528,1773,8344,2764,4646,5060,3492,1936,2099,12244,86948,2184,1415,1400,1905,6490,5411,11723,6748,3351,30415,12634,1465,3679,8949,4479,22292,3072,2521,27301,21174,5342,1679,26264,1086,5492,872,22095,1187,1168,3825,2260,13634,6404,17002,4022,2328,23868,101993,1841,15372,9817,1989,10619,2908,6219,10617,43143,12736,12488,5338,2658,756,5708,271,717,30379,5234,26342,15286,13082,2074,1924,8825,1450,8043,3417,3710,4791,8997,1531,37906,5985,8431,4094,28895,1462,4521.0
CO,424,478,627,1444,75,2243,1968,1551,192,885,8182,134,1462,455,124,3216,8399,70,1169,713,401,203,164,27,378,137,232,59,335,441,235,663,224,1661,395,74,2208,221,651,755,544,322,58,970,2583,240,368,1614,474,2296,55,53,293,1342,532,96,931,264,241,481,225,200,205,95,36,417,118,385,174,1516,137,545,114,484,1167,294,901,517,78,385,69,919,874,1382,123,131,1655,3727,5875,5442,358,597,1560,287,359,153,29,391,487,4221,8054,183,458,80,67,822,361,195,97,450,0,143,530,85,125,164,591,263,153,516,138,1018,644,1376,161,48,572,597,12337,346,13516,2299,128,2257,847,4888,1815,98,434,1043,87,1174,6045,604,357,119,289,418,95,76,3198,5372,144,1014,1895,254,1550,53,67,836,137,528,207,1047,151,13,133,211,301,533,196,103,149,704,9147,385,165,27,123,572,473,3825,3494,1010,2228,826,81,281,502,761,2400,256,482,2410,2682,314,289,2879,103,499,91,880,74,63,236,34,2032,532,626,636,192,2455,9951,39,2016,1548,107,660,184,1094,1408,3663,631,936,409,467,36,396,78,70,3974,414,2480,943,1270,121,33,205,57,1020,475,316,248,503,123,5464,501,437,183,2051,256,899.0
CT,2350,523,277,2142,207,1297,2305,3706,472,583,10992,500,1790,733,342,3692,13031,273,1644,537,638,416,320,182,1539,47,422,69,708,1366,670,625,383,712,28,226,2600,341,524,1333,517,357,87,1352,2612,185,172,5269,481,2991,313,348,37,3060,353,935,828,139,353,747,740,542,933,160,262,1654,59,1175,1201,2690,803,532,174,328,3359,567,4668,127,665,690,94,1105,774,929,173,152,1918,1629,9705,5194,171,750,615,356,131,163,537,422,821,5453,3124,51,348,217,61,809,254,101,190,1627,203,157,1188,107,137,242,801,339,407,1748,447,682,1262,1337,204,305,1037,693,9212,642,10838,1482,482,4047,800,3989,904,193,1204,1191,375,1255,5162,778,101,102,723,542,156,271,7333,7124,83,3035,1834,159,342,406,220,1480,961,483,643,2719,141,44,365,229,307,324,236,439,279,1643,6776,492,53,79,909,264,662,2429,2172,647,4340,1379,119,214,314,737,2080,573,230,3491,2885,198,223,1710,12,374,163,3441,530,89,722,588,814,655,2760,349,512,4219,7494,173,2268,875,104,804,135,786,1048,3076,174,371,746,245,118,1203,294,224,2690,790,5480,527,478,188,345,822,93,1686,305,461,597,469,218,7830,826,1406,561,3496,202,623.0
DE,53,345,92,635,22,511,569,1421,334,126,2665,139,719,235,53,1350,3928,215,659,106,208,118,276,38,66,29,152,106,40,167,46,172,61,238,91,154,1638,56,328,482,56,102,87,988,574,155,223,344,251,1517,127,126,100,1522,429,59,193,113,29,284,135,35,95,80,26,705,27,93,18,509,148,234,30,462,277,305,388,13,11,123,182,695,160,300,111,82,266,1368,2409,1513,205,391,414,416,167,81,0,141,382,1637,975,65,89,0,0,363,86,122,41,601,0,77,303,157,39,41,226,66,24,47,139,123,337,642,12,92,357,603,2845,59,3824,592,0,532,210,1458,451,43,230,240,148,901,1838,303,13,67,237,291,27,52,1997,1316,132,200,930,47,374,98,68,225,98,279,323,709,173,199,147,100,205,100,0,102,12,170,2111,56,29,30,49,145,195,997,923,130,748,257,69,53,123,353,720,330,122,2133,1131,23,107,1014,37,84,29,265,164,0,344,100,454,80,65,306,24,516,2316,67,729,460,38,498,80,469,493,1214,93,131,272,385,13,346,205,0,1474,236,513,266,159,81,272,504,0,193,128,190,264,29,132,1480,561,427,28,767,51,189.0
FL,4852,2917,2668,12836,1141,17557,13908,44165,3560,5546,79489,3940,11825,6010,2491,29615,63102,2438,17532,7800,4013,5307,3001,1401,4480,896,3387,2572,3434,5995,5974,3505,1807,4602,4388,2364,29375,1544,4962,7407,2753,1954,1915,16723,20241,1962,3373,21076,9746,37224,4526,1044,2171,25781,5656,2820,9277,4292,3263,5088,4851,1859,2695,1582,1672,8081,798,3831,2827,19694,5007,7259,1293,4828,12896,10912,16573,3423,3729,8376,619,13825,6333,9561,502,2979,12561,24961,44249,45856,4746,12154,13197,3651,1477,1680,1777,2312,5983,35292,48622,1553,2860,1389,1103,13872,5053,1432,2363,10917,2883,1721,6798,5002,2382,1046,2714,2341,2747,5545,3698,6544,5909,18771,2602,2124,4847,7882,77172,3848,88427,14277,1957,17899,14601,47111,19607,1891,12357,8479,5579,18518,55550,6139,4167,1863,1757,9819,3519,853,33021,48655,2683,9691,16573,3030,11353,4730,417,10628,5444,6397,2472,12783,1104,1387,5909,1683,4128,1547,2559,2156,1978,4414,82714,2757,1171,1653,1890,4835,2708,24523,13500,3554,25854,9824,583,1712,2967,3830,21877,2683,2156,28976,17272,2442,1925,14494,1609,2676,761,12973,1191,638,4641,1938,15369,5813,8453,4259,3376,22489,75182,2280,9481,7895,1833,8436,1445,9232,11124,24872,23257,3221,7857,6454,298,4804,975,1055,31312,7572,21364,5652,7501,1800,1167,5959,1458,6089,6635,3410,3738,11890,1497,24276,7881,7195,2078,20720,875,2634.0
GA,1477,1211,872,5235,993,5054,9632,13752,1961,4372,43822,3136,5458,2746,453,11141,29410,2128,6206,2589,2931,3413,1911,1270,1979,1650,524,837,1769,2344,2440,3593,649,3184,2113,294,17018,1053,3141,3078,413,1210,667,7399,13085,1239,1064,10308,6524,15819,1145,2052,1433,10266,3348,1692,3528,3165,1457,2329,1521,1242,1986,1052,679,4637,804,2183,1615,8823,798,3691,859,2370,7335,1854,8127,2728,1653,6860,774,7851,2882,5149,282,2821,7362,12068,27172,25375,1946,10170,5442,2400,1354,952,603,2663,7449,16731,38168,663,555,1343,446,3104,3294,584,906,5385,453,1022,4839,1279,1427,989,3748,1636,689,1764,2226,4782,4140,3284,1504,1478,3186,4244,44156,903,40550,11793,497,6640,8084,19646,5153,482,1448,4749,2232,12321,24515,5209,454,665,2133,2383,1384,1157,15613,21763,990,5823,9171,345,2170,1833,393,5499,2306,2008,1100,11626,1193,604,3557,1986,1473,1044,2042,1500,879,2174,32472,2322,637,1003,1263,2040,1839,8647,3182,856,12630,4402,487,1549,2090,3181,16526,1032,1563,23769,10061,1807,1014,6735,2894,1332,1009,7239,883,867,1967,1185,11825,784,4653,4075,319,12447,33253,671,5106,5264,1838,3873,799,2892,6484,12802,3401,1757,1108,4092,406,2496,262,1795,16407,1261,9888,2735,5958,1048,939,4360,1105,4114,2352,2245,1402,2625,620,11811,2381,3840,1214,12652,398,1206.0
HI,136,203,143,1241,76,1442,1562,478,70,120,4748,678,653,282,31,1366,5699,115,877,74,399,168,441,71,76,11,26,21,58,46,54,86,33,255,104,22,1371,55,571,352,172,104,34,716,538,143,480,387,230,1561,11,305,318,1072,44,63,208,48,28,134,233,53,212,117,80,505,14,115,117,879,0,27,29,172,248,60,450,115,120,136,802,537,78,421,107,67,167,1153,2191,1096,185,488,652,166,121,92,0,146,281,1366,1298,83,29,0,203,341,119,24,765,193,0,342,704,215,37,0,18,442,229,58,50,248,590,146,0,72,86,278,3583,213,3865,533,25,356,1132,4395,1790,70,39,372,157,297,2687,250,12,0,105,231,74,90,2363,1542,23,513,714,66,156,287,0,401,139,403,202,709,52,16,399,36,100,121,13,71,78,128,2250,63,15,161,0,68,34,288,602,82,963,25,20,56,92,290,533,114,57,2501,1838,110,12,851,0,42,11,375,0,532,205,49,715,0,196,41,50,358,3523,80,1024,248,44,459,80,169,414,1171,139,287,38,25,145,55,0,0,531,0,558,666,266,48,120,374,0,43,427,62,69,166,37,942,48,115,111,761,47,157.0
IA,1079,284,200,2047,191,2771,2355,3329,392,1551,8661,503,2394,638,141,4566,8137,425,1975,781,635,1158,247,115,719,221,197,231,496,782,821,290,389,1007,39,66,2145,206,907,1858,731,311,158,1757,3962,490,496,2096,702,2614,281,80,455,1891,864,285,594,489,149,390,864,830,425,278,113,557,66,549,599,2294,201,1017,160,528,1848,1289,2111,288,258,1321,169,1887,1059,1680,212,331,1714,2862,9509,5612,921,1890,1357,432,276,212,425,584,296,5007,9389,165,222,271,109,827,399,329,299,1495,603,194,1231,311,92,203,513,331,513,737,348,1395,1245,1916,419,342,775,1101,14882,127,10178,1997,280,3451,1248,4184,1779,79,449,979,336,2481,6451,1116,205,64,333,425,352,206,4629,6021,281,1743,2238,168,720,365,522,1475,782,718,247,1481,356,161,327,212,338,301,556,597,358,536,13023,329,54,118,134,1337,966,1391,793,248,2553,1624,256,591,573,2362,5812,125,476,2605,3400,233,436,2335,57,551,332,2038,287,60,477,42,2756,108,1700,1169,75,3898,12077,261,2066,1985,490,1237,238,969,633,3309,523,681,660,468,312,418,29,255,4775,593,2436,1256,1756,250,13,731,420,1545,602,477,774,96,101,6524,362,1081,277,2295,120,264.0
ID,742,121,67,569,36,546,624,1415,43,530,2610,44,370,194,310,747,2940,0,671,277,144,93,49,39,438,48,77,66,358,982,537,78,209,167,168,23,934,0,446,493,161,88,11,672,1592,80,88,1456,494,899,12,80,148,518,289,27,230,323,33,200,146,187,189,52,15,124,39,274,278,502,251,238,163,147,1376,90,1121,309,51,95,24,260,827,733,27,142,1289,1145,2559,2632,153,361,238,118,62,36,132,155,53,1719,6348,31,78,57,80,345,56,18,168,349,101,64,132,135,25,63,247,77,51,832,142,387,471,548,37,91,157,184,5372,44,3899,801,253,1691,492,1834,555,0,230,677,33,1036,2273,559,348,152,341,166,138,83,1672,1370,47,487,502,75,579,170,89,305,41,228,0,343,36,11,23,142,147,82,43,163,71,617,4253,181,73,0,212,335,278,544,951,276,660,542,33,108,80,406,1677,67,238,1122,1499,126,73,1014,180,246,64,1258,76,39,58,28,710,50,868,534,221,1609,2566,48,639,739,52,477,140,201,243,1507,391,110,158,396,107,282,0,286,1943,118,1965,400,578,38,0,91,109,745,170,172,246,93,34,1946,103,135,242,1411,88,212.0
IL,2568,3417,653,6220,646,6984,9234,12791,2222,4014,36996,1987,4974,2883,603,11870,34819,1151,7242,2674,3789,2426,1830,851,1824,967,1770,1340,1533,1708,1512,2172,1302,2616,568,1071,14967,877,2541,2929,623,745,707,5093,9368,878,1600,7606,4798,16508,1041,984,1382,9060,3076,773,2484,1361,1258,3247,2163,1725,1640,596,837,3679,317,2967,1383,10074,2124,2081,394,1717,6678,7114,7871,592,1286,5928,850,5549,4273,4845,506,1194,5308,11304,37084,19375,1590,4778,6906,2629,918,1422,764,3330,5290,19226,39355,1201,480,720,559,4062,2379,812,1466,5205,250,597,4376,1329,1575,1109,4044,891,819,2205,1430,5409,5552,8993,985,1190,3405,4644,39493,1495,41561,7113,784,10697,4956,16457,6104,744,2895,3893,1949,6915,25658,4024,503,537,1279,2147,1179,1645,21777,24967,1057,5043,7765,641,1658,1023,1014,6696,3264,3056,705,5881,1123,1184,4279,1176,1130,794,1406,1512,1537,2820,30955,1388,289,520,995,2525,4007,1987,1231,760,14580,3997,748,1674,2124,5082,17391,1062,1677,14759,11710,1036,761,9861,693,1542,574,6196,895,589,2002,405,6713,1245,6112,2652,469,11775,35148,692,6192,5177,1173,3459,400,3170,3908,12619,1916,1858,2979,1833,351,1879,325,1262,14144,2473,7510,3882,6024,776,630,2931,576,3280,1525,1751,2418,1130,500,25505,3623,3736,951,7385,555,1705.0
IN,1721,1188,617,4636,498,5346,6893,11444,1848,3270,27871,1918,3777,1983,871,9601,26173,784,5926,2522,2682,2738,880,585,996,1410,815,1047,1343,1881,1783,1915,955,1891,459,615,14150,628,2663,4913,620,903,909,4601,8543,447,942,7399,3844,14617,851,436,933,7972,2944,975,3692,2079,935,1626,1514,1267,1967,721,970,2387,305,2560,1335,8543,1460,2335,475,1866,6166,2129,7555,1416,1383,3478,358,3953,3396,1711,322,1405,4887,6145,27424,16537,1376,6008,2670,1442,668,334,395,2766,2881,12774,37064,431,455,1062,333,2292,1534,446,808,5808,407,573,3119,1055,1163,1184,4053,422,421,2094,1218,3842,3914,5318,1257,1382,2806,3526,32240,709,33111,7187,320,6720,4628,12068,3423,630,1483,3795,1577,7785,15634,4182,1398,386,2260,2143,800,795,14543,17274,682,4085,5620,659,3408,1087,807,6275,3514,2121,480,5015,656,228,942,1153,2180,941,1542,1666,1680,1912,25316,1235,524,456,624,2533,1853,7014,2704,1662,9454,3191,537,977,1865,4562,11942,1370,1188,14331,9427,998,941,6136,1201,823,512,3481,553,958,2067,1028,4604,889,3301,3543,685,9703,24303,826,4293,5334,579,3102,744,2137,4935,7845,1276,1309,1521,3472,433,1981,1127,1360,11801,1376,7005,1695,4786,521,470,2367,546,3094,1049,1844,1661,1464,626,21376,2964,2936,472,6147,324,1172.0
KS,745,311,199,1015,121,1778,1871,2913,450,1200,8766,422,1447,397,205,2761,5874,77,1489,742,554,882,240,39,450,255,167,260,413,615,658,723,346,459,293,224,3295,101,668,1188,89,247,108,1386,2845,160,264,2456,1136,3356,101,80,174,1874,1052,223,892,306,202,629,1030,778,472,211,116,576,132,793,413,1846,318,567,192,380,2179,1252,1925,755,326,876,250,1149,1400,1064,153,307,1069,2386,7396,4380,511,1082,867,196,66,277,214,597,276,3549,9769,91,540,279,171,577,381,100,269,1115,139,42,564,195,158,206,596,166,88,928,312,846,970,806,370,349,568,1189,10568,488,8817,1544,231,1826,1171,4404,847,73,265,770,111,2481,4464,933,675,224,1205,382,677,269,3623,4363,195,2014,2112,365,1414,232,131,1769,268,577,256,1322,319,100,311,326,341,77,554,544,410,571,7103,367,84,65,139,852,296,2353,1744,826,3419,801,184,232,280,1502,4865,197,447,2850,3240,575,104,1493,237,580,201,1675,202,246,370,244,1161,360,942,762,439,2843,7651,514,1058,1457,383,907,173,695,1268,2926,515,509,357,897,112,509,12,141,3449,359,2540,616,1348,17,82,398,338,1255,278,354,537,412,164,5807,546,772,284,1960,129,332.0
KY,1067,877,213,2830,462,3030,4154,6385,1763,3650,21038,1150,3206,2040,277,7378,18171,766,4447,2182,1507,1882,622,334,497,372,281,1173,845,1067,2043,1570,541,1427,380,388,10874,386,1587,1669,391,845,506,3344,7678,481,519,5058,2881,13097,227,414,921,6616,2297,825,3671,2325,1152,1795,1390,1322,1468,681,807,1929,297,1166,446,4904,330,1707,669,1046,4137,1317,3051,1853,748,1412,193,3980,798,2467,323,1415,3281,6337,18639,17760,1394,3113,2771,1033,356,849,168,978,2765,11106,26004,245,161,603,312,2821,1380,131,770,7608,102,401,2749,303,458,617,2098,409,582,1041,1665,2295,2199,1534,753,830,1798,3150,22244,274,28211,5722,138,3911,3037,9418,1933,933,958,2068,1192,7145,14011,2193,227,780,594,2124,1207,361,10914,16068,571,1838,5809,224,928,790,393,2620,1483,1885,542,7596,590,158,1272,785,1523,658,641,812,1468,879,21276,1464,248,421,383,1221,1018,4275,1434,414,8303,3004,361,870,1177,2562,8983,1049,820,11362,5254,1140,862,5791,1957,1122,287,2492,702,444,1856,1457,6339,378,1441,2617,219,6814,16828,1425,3384,3040,1280,2173,756,2395,2451,5948,1008,532,1069,2426,192,1878,401,424,5371,543,5510,1243,2913,308,209,1687,409,1785,1710,1205,936,619,467,8520,2003,2428,262,3367,198,1077.0
LA,1199,742,116,2989,584,3019,5182,11687,1685,3214,25144,2889,2549,1403,614,4989,18300,639,3047,1644,1532,2854,1126,639,811,401,809,886,729,1515,1530,2322,503,672,1027,313,8844,529,2057,1205,302,298,885,3384,5183,600,388,6030,4687,11210,417,771,506,6019,2697,1363,2528,690,534,1949,857,592,1045,495,368,3910,320,873,978,4267,806,1839,389,1324,5310,2050,4844,1832,1218,1494,446,3257,1825,1493,158,1380,2856,6538,17590,15376,830,4607,2531,734,599,525,312,625,3146,12469,31486,201,156,381,504,1943,640,304,826,3195,551,602,2344,841,492,432,1758,737,917,753,937,2664,2207,3464,367,712,1783,1784,20515,259,19611,4548,230,3484,3153,9081,2494,726,592,3080,1179,8814,14131,2014,445,1048,663,1319,879,533,12052,11715,459,2994,4656,554,2820,1242,515,4252,1976,1516,665,7557,537,631,2573,705,828,204,510,564,749,1217,15121,701,235,678,346,1399,1159,8202,3301,699,7795,1998,446,941,1233,3324,11454,1062,774,12643,4096,1245,310,3398,1093,622,319,4346,888,404,1579,795,2628,362,1792,1690,661,5361,13869,905,2440,2705,963,1918,251,1036,2209,5295,2037,659,1193,3739,515,931,61,581,10177,942,4964,1367,2575,323,455,3196,229,2143,573,710,1498,1358,419,6267,2612,2054,687,5787,224,777.0
MA,4347,1382,384,4049,654,4702,4835,11446,973,2699,21987,617,2410,792,1951,13577,22697,281,2669,1490,1723,461,372,122,3730,60,691,675,4495,2076,1934,250,640,1003,477,193,3720,228,1128,1336,827,960,205,2169,12684,312,1551,17021,3386,5569,396,737,804,5312,2071,573,5088,519,545,1484,950,870,2070,350,340,2481,151,3532,2063,4078,805,1578,1115,1109,4529,1631,3270,306,489,932,290,2490,1692,2896,1185,461,6682,6787,20411,16101,754,1990,2989,1231,403,1318,1880,1574,1173,14488,7341,220,567,898,56,4137,1228,487,521,3499,739,166,1879,2248,477,406,1409,1267,969,4631,355,3332,2503,2379,808,365,2152,1287,25708,1584,33247,3246,1394,13936,832,9093,2772,51,786,1475,1072,1090,15057,2855,1328,123,619,449,628,296,15310,14102,831,6826,2456,571,1767,1081,422,2838,969,1550,164,1827,227,402,1727,463,802,781,1296,732,964,5567,28822,565,46,202,1973,817,2050,7057,9054,2101,6136,3606,331,673,995,2709,5384,419,355,9819,6029,325,481,7263,110,1566,498,9459,592,156,336,205,4575,560,6039,1376,983,10654,27457,329,3968,2524,429,1399,465,1696,1730,6424,652,1503,1347,868,274,2166,210,1158,7133,471,15891,2391,1593,559,540,957,782,4154,550,959,875,452,53,21603,920,1585,1380,8430,369,1289.0
MD,475,1098,391,3165,118,1800,2733,4178,883,786,15296,960,2014,1342,90,4388,13605,554,3530,625,1035,656,667,365,570,136,610,114,257,728,925,702,361,580,413,93,4094,555,1286,959,389,210,181,2526,2817,288,788,2412,1792,4992,513,730,597,3849,1551,462,1264,668,408,696,471,555,358,220,245,1187,86,1188,241,2285,867,464,135,946,2301,620,2565,174,331,574,48,1572,1480,1307,228,497,1839,4910,10421,6765,567,1833,1783,790,342,374,296,935,1811,7181,6034,143,611,212,166,1813,452,415,689,1178,862,388,1393,795,232,241,1373,384,608,799,1102,1508,1498,2528,555,673,1553,1798,12977,1223,16299,3100,158,3246,2230,7919,2047,276,652,2080,634,3269,8666,1404,1015,239,1127,1411,277,225,8269,8249,431,2604,2916,248,1590,455,279,1071,385,1076,399,3051,158,264,921,314,343,379,593,517,429,482,9124,425,159,304,283,653,740,4862,6480,1226,5477,1257,288,208,488,1153,3217,511,200,7265,5208,278,193,3471,426,307,95,1846,164,157,601,111,4038,512,1397,366,101,4507,11056,121,2810,1369,264,1385,181,1121,1647,5222,220,551,925,776,109,383,352,87,7864,636,3387,1318,1290,306,229,1346,128,965,844,420,688,979,470,6062,824,1068,152,3386,303,1070.0
ME,361,218,80,1873,35,607,1031,1076,48,868,5078,27,454,219,183,2505,5345,24,792,795,488,742,173,22,292,12,147,105,303,891,510,54,168,242,31,0,835,14,271,490,183,188,33,691,1676,89,57,2006,606,1307,79,92,297,1293,1130,334,757,111,248,254,148,348,244,174,76,441,57,357,420,1005,233,712,93,292,1542,461,1068,75,46,684,12,599,486,461,421,173,1477,1441,4615,3347,185,259,1239,293,101,435,285,591,279,3872,4305,54,88,105,14,688,301,11,15,1096,453,38,393,91,157,167,721,60,96,675,189,722,591,726,165,344,266,156,7625,185,7472,679,288,2408,145,2296,2034,72,490,598,295,914,3542,488,187,120,720,134,168,105,2752,4747,109,854,902,85,409,37,95,398,214,356,185,978,82,24,168,220,351,173,172,324,178,353,6289,182,12,37,100,383,298,735,2393,479,2490,1254,51,139,188,568,1019,67,253,1471,2222,79,79,1864,146,293,117,1055,27,36,144,27,1965,251,984,600,121,3114,5005,96,1459,450,253,621,296,358,331,1098,206,254,239,198,32,374,32,0,2205,411,2589,537,228,188,95,115,150,853,836,161,229,108,24,3178,104,429,370,1093,94,216.0
MI,3012,4821,633,6151,338,5065,6551,23572,1998,3308,30559,1529,5913,1535,1248,13295,29828,902,7207,2694,2747,1549,925,630,2468,332,1045,2016,1648,1792,1835,1147,1471,3447,1597,404,12888,259,2435,5343,1035,1009,799,6106,9265,1061,2246,7585,4307,13742,929,1017,1124,4760,4100,615,5001,1006,1380,1736,1176,1089,2217,426,510,1094,680,3303,2085,8179,1432,1734,510,1668,5799,3626,5372,935,1028,2362,342,3640,3459,3348,462,1685,5709,10443,23834,21012,1637,4329,4225,1139,854,992,987,1092,4355,15539,52812,1215,912,750,270,7733,998,548,551,7277,714,335,2739,1735,746,867,2148,673,1081,2967,2094,3227,4445,7505,630,1099,3457,2244,32617,2145,39824,7693,600,8499,4203,15463,4763,582,1681,3758,1466,6420,24663,2484,1476,664,2231,2136,764,649,13144,21569,1101,4282,4974,412,2489,916,413,3851,1044,3429,446,3833,386,549,2016,636,1995,741,1082,1338,1499,2806,33048,840,171,274,1035,2677,2265,3715,3167,824,7733,4421,586,1362,2024,3462,11443,980,1138,11677,10347,849,1044,10581,1713,1558,853,5683,864,698,1540,690,7850,756,4114,2624,1875,11041,36681,690,6484,4318,793,3596,921,3562,3935,11646,2138,1346,2907,2192,1009,2911,1806,973,13573,1241,7918,3560,5514,615,154,1273,612,2885,3384,1851,1643,1761,650,12149,2665,2798,584,7185,554,1762.0
MN,2199,814,241,2946,423,4558,4406,2244,588,1947,15977,403,2307,893,275,11712,16194,325,2587,888,1461,553,131,77,1294,90,644,265,1088,1514,2535,99,568,1986,84,279,3598,367,1119,2057,447,813,196,2858,7872,173,551,4265,1187,4602,63,184,480,3200,833,243,978,317,382,1215,910,907,765,363,172,940,290,1745,1703,4087,754,1453,187,1164,3467,647,4234,390,182,1247,138,949,1445,1663,631,304,3556,5028,16580,11221,1159,1434,1746,1441,640,571,468,1488,1167,10941,10152,445,274,528,105,1251,477,274,402,3019,1874,89,1033,797,345,205,1036,370,375,1723,562,1735,3415,3831,192,401,1713,1070,22979,713,24398,4022,422,5041,1513,9397,2544,141,331,1035,331,1002,10039,2167,534,240,1477,559,144,418,11602,12403,677,3891,1639,222,741,453,468,1945,476,890,386,1644,184,138,537,254,913,801,430,857,694,3114,22059,379,300,20,413,1083,1614,2978,2661,1174,4182,2524,310,572,695,3595,7640,164,1307,5770,6672,528,225,3496,77,1257,742,6579,242,222,488,188,3951,384,3566,968,599,7411,22918,411,2457,2956,490,1608,577,905,894,5119,413,1064,959,602,678,1320,36,574,7616,679,6762,2380,3208,215,11,287,622,3246,1116,428,638,305,183,10725,648,1278,378,3137,259,517.0
MO,1414,795,685,2971,290,3376,5356,11305,1272,2963,23820,1259,3784,1698,467,5472,18202,417,4259,1967,2426,1434,943,683,858,535,370,412,1348,1565,1483,1765,609,1228,808,713,11015,322,1557,2731,723,741,375,3142,8283,911,838,3865,3269,7151,476,428,1108,4607,2351,613,2543,1522,1149,1013,1243,1637,1221,961,633,1861,309,1030,615,4684,502,1713,585,1613,4058,1837,4332,1410,780,1511,404,2686,2203,2403,217,1276,3530,6330,17013,12676,1252,5053,2318,953,512,625,447,1026,2817,11757,21758,155,493,545,248,2035,1109,292,895,4171,448,263,1928,581,939,493,1787,647,233,1854,653,2612,3188,1914,566,616,1650,2157,23133,672,28925,4611,367,4430,2996,10697,5341,424,1026,1581,677,5191,14018,3255,558,401,711,1582,905,473,9143,14400,710,3651,4392,730,1872,663,300,3471,1591,2136,316,4283,441,441,1327,491,960,1013,983,1132,832,1158,18891,725,101,301,418,1530,1316,5209,2939,1695,6718,2633,164,427,1030,2488,11300,958,751,7989,5344,843,452,5741,394,905,345,3022,997,339,1134,253,7080,497,1557,2439,664,6301,19028,995,3040,3141,485,2288,466,1708,2741,6175,1386,815,686,2292,404,1776,240,1285,10572,665,5994,1997,3325,635,300,1381,463,2448,1003,1095,1222,568,363,9900,1395,1734,156,5460,288,1067.0
MS,836,335,248,1139,372,1852,3831,3953,1303,1422,16929,1160,1504,935,302,3715,10471,900,2094,885,399,1596,614,728,773,451,284,364,466,399,564,904,173,899,608,114,7494,448,660,1238,315,355,526,2951,4605,454,126,2976,3081,6908,209,776,317,3124,884,731,1089,385,348,1036,913,539,671,459,290,1875,185,552,447,3029,592,1363,205,893,2924,1793,1982,1165,266,1527,179,1882,1214,1696,27,1089,1360,2667,11113,9933,811,2808,1556,626,155,504,430,331,1859,6352,18118,115,154,217,206,761,415,85,393,2463,58,513,1549,182,808,221,985,376,268,551,545,1272,841,1907,383,526,1107,1470,10512,12,11874,5100,152,2529,2911,6266,2242,135,811,1828,1156,5890,8565,1302,66,297,1647,1103,531,702,6407,5518,506,1585,2905,88,614,847,244,1984,367,1201,308,2982,119,335,950,498,567,375,301,317,307,439,13765,593,122,248,130,740,675,2652,806,207,3976,1218,148,1001,1308,1714,8637,205,425,8602,3388,852,437,2569,959,570,241,1644,604,384,820,289,2941,384,949,986,188,3317,9488,936,1506,2491,449,1799,183,1053,1758,5283,1153,1101,629,2006,219,938,13,889,5499,856,2646,588,2902,210,217,2838,218,1319,449,942,788,576,302,4897,585,1688,142,3144,130,336.0
MT,73,199,143,630,11,484,981,397,73,446,2943,140,386,219,19,835,2634,240,418,279,226,325,83,35,105,53,29,78,133,296,196,58,91,15,37,0,875,0,346,352,41,196,37,439,1510,36,123,812,111,882,14,63,132,494,350,78,242,80,51,235,249,126,155,39,26,115,24,137,83,448,13,388,77,109,922,164,389,140,0,160,15,291,412,357,14,29,690,635,2516,2349,132,251,263,131,71,26,19,106,41,1709,3518,11,13,0,12,174,38,11,45,234,29,0,211,90,127,14,280,42,76,361,111,262,465,188,79,89,311,147,4645,27,4404,763,38,856,363,1901,248,19,34,337,28,796,2319,236,195,107,361,100,107,76,2063,1500,13,325,466,102,238,145,167,192,0,201,64,390,16,18,100,94,51,59,80,63,69,257,3126,43,38,47,55,277,194,515,561,183,843,486,25,85,148,152,1493,60,112,750,981,156,57,583,127,265,73,619,105,47,108,0,329,12,235,338,23,904,4281,61,648,471,59,278,13,294,209,1726,189,141,26,227,64,133,0,75,1219,15,949,360,453,46,0,71,26,462,128,96,173,122,61,2225,163,263,99,725,55,125.0
NC,1974,921,741,6065,839,5855,9869,20091,2526,5613,48764,3636,4389,2359,1194,10698,36335,1765,5953,2954,3040,5117,1246,1035,2571,1940,774,913,1734,2951,1941,2884,1442,2318,1392,693,18471,910,4200,2549,583,1954,631,6496,10823,981,826,12713,5966,18242,876,2440,1710,13654,4976,1995,6188,2490,1964,2580,1578,3123,2933,1616,1021,3872,506,1908,1941,7747,1547,2622,1263,2547,9324,3296,7445,2384,1032,2267,581,7093,2970,5408,451,2553,7295,12124,33261,27560,1227,8491,4200,2826,1562,748,1243,2090,5294,20023,32483,479,1056,1287,744,3496,1543,554,928,8107,1063,1113,4397,1020,1416,1170,4208,1320,1018,4278,1722,3492,6655,7476,959,1869,3730,4056,40143,744,40131,11550,500,11854,8740,22047,5003,893,1866,5115,2151,11548,23429,8485,2321,853,3337,1781,1372,686,24574,23537,953,4819,7775,699,2701,1105,694,3667,1411,2742,826,11341,1684,279,1990,1542,2024,774,1054,2098,1329,1998,44081,1316,493,994,605,2147,1861,15240,11272,3072,14041,4427,675,1540,3325,5254,15890,1276,1885,22455,14021,1788,997,9447,3720,1294,638,4164,1362,594,3193,1006,7056,1001,3284,3702,1069,11863,34290,1491,6692,6282,1201,4054,831,3376,8441,13667,3412,1166,1442,3690,493,3211,380,1600,18009,1498,10280,2701,5475,1194,545,4949,705,4468,2009,2126,2233,1852,1019,13544,4037,4683,905,15065,498,1358.0
ND,106,144,84,657,62,854,1013,534,163,378,3428,82,358,89,48,1442,2885,163,422,215,203,191,63,24,163,118,70,101,46,436,145,194,35,211,12,17,759,107,231,211,40,79,0,529,792,40,138,531,116,1132,11,42,102,660,113,32,31,76,29,463,166,219,254,57,64,243,0,117,83,664,72,295,71,110,355,643,606,53,67,276,52,293,783,720,24,11,412,632,4424,1306,215,461,320,86,181,47,15,307,163,1944,1609,13,62,26,41,24,72,112,82,807,502,44,218,34,116,34,201,108,102,108,85,536,619,655,99,100,177,292,4326,17,3773,620,0,1252,359,1840,179,16,123,430,30,352,1573,452,101,15,118,14,62,165,2270,2424,20,594,452,92,108,43,18,619,154,22,12,384,15,35,52,65,144,67,152,127,155,238,3322,79,38,34,37,243,263,286,328,171,831,331,0,77,203,360,2494,32,233,655,1067,149,34,403,0,140,127,357,129,77,181,22,335,227,547,289,0,1585,3884,23,525,578,36,332,32,198,128,1192,68,222,206,19,129,64,0,53,1246,168,923,316,580,52,27,125,45,329,122,239,132,61,52,1834,94,288,52,485,39,43.0
NE,603,199,54,848,146,815,1150,1295,277,561,4298,142,967,252,120,1362,3407,306,478,186,244,686,262,112,364,277,149,205,388,813,289,476,81,271,43,33,1426,16,467,442,241,134,61,644,1826,220,54,1099,567,1443,41,0,105,1044,565,24,259,200,66,36,426,188,161,113,66,255,30,342,402,848,343,377,49,116,786,862,860,188,101,490,75,867,586,1121,12,104,568,1138,4662,2560,106,461,353,307,179,68,112,253,357,2042,4933,66,44,159,63,477,99,147,168,502,84,48,311,0,95,118,254,34,47,410,31,558,468,1526,239,118,347,506,5823,75,4569,897,72,1391,670,1719,286,26,766,607,92,1193,2512,442,283,128,149,192,93,131,2101,3093,44,576,895,20,390,79,192,552,238,424,14,585,142,11,97,217,98,63,142,111,90,535,5341,169,46,54,88,318,731,844,317,210,1261,583,66,248,434,943,2876,97,144,1381,1062,300,42,636,25,299,64,1349,41,108,314,26,806,137,913,484,254,1855,4902,120,485,689,216,605,121,343,480,2283,157,369,316,250,88,324,0,150,2279,400,1145,355,942,80,0,301,126,608,156,210,645,60,75,3307,267,398,93,994,81,125.0
NH,406,0,97,759,28,493,758,1004,90,567,3208,38,435,121,271,1281,3664,0,592,149,128,173,39,13,354,13,277,49,427,507,365,60,156,222,56,27,668,0,157,157,42,120,0,277,1208,83,136,1777,160,920,0,25,163,861,397,34,495,71,18,163,113,130,227,108,33,198,28,258,225,425,576,106,25,203,733,332,786,27,0,99,0,245,237,260,60,235,1005,771,1959,1995,123,218,173,194,0,136,234,82,114,1870,1339,11,77,133,0,304,54,31,103,336,157,51,136,277,42,26,302,101,34,506,162,160,195,1605,14,28,202,60,3115,75,3901,392,183,1874,211,1586,422,27,277,205,86,371,1507,344,98,21,426,132,77,48,2168,2294,11,517,271,64,234,57,0,196,95,151,27,711,37,94,179,33,295,41,64,15,31,314,2484,41,22,11,109,113,55,567,944,138,1105,553,32,88,75,176,528,133,138,1516,1263,30,91,831,23,199,71,985,163,29,195,11,585,48,733,215,187,1552,3215,12,536,425,0,265,47,250,322,507,306,74,559,55,51,285,108,128,1134,316,1376,212,323,79,46,158,85,534,174,172,104,110,34,1488,83,213,149,1239,72,334.0
NJ,1595,1512,406,6119,405,5231,4449,10320,2181,878,28606,1961,3868,2145,177,6164,29606,1045,5385,1111,1481,859,1670,1092,1393,453,361,461,681,1448,1399,2665,604,1369,198,391,9997,964,2591,1492,1560,897,423,4157,3468,406,1617,4840,2900,12624,1732,718,467,9610,1721,1259,1848,547,655,2120,1331,1800,1598,193,710,4950,412,1861,1068,6379,904,1546,210,913,3172,5204,5739,60,710,4507,64,3038,1738,3688,614,599,2052,6774,17571,9214,484,3966,2548,1334,657,706,574,1320,3038,11616,3410,477,340,420,892,2544,513,583,1281,3608,206,1261,5141,1344,479,300,1244,774,1224,1087,941,1431,3174,3267,366,956,1867,3047,22927,2141,15735,3333,359,4630,4662,11805,1116,1957,1497,2550,1811,4444,14991,2291,240,11,898,1676,757,509,16818,15346,814,4013,6476,375,970,1276,371,3949,1222,2306,1535,8207,334,364,1127,1103,786,366,592,1266,625,1450,17320,528,211,667,397,667,1523,8094,4378,2393,8344,2376,344,565,1127,1831,6314,1334,204,9040,6782,293,206,5798,401,557,375,3337,1249,641,4547,862,2428,1063,2809,824,495,7402,21563,794,4879,2663,714,1767,304,2113,3978,9687,1150,1023,1138,897,342,1172,1686,1247,6398,1286,3980,2045,1788,825,952,4532,106,1601,1384,1065,1552,2515,708,11162,2611,3344,398,7603,344,1253.0
NM,783,252,128,878,32,1140,794,1167,53,452,3270,90,777,216,149,905,2629,158,661,340,168,186,124,18,959,12,125,0,632,383,355,13,176,192,98,34,1070,0,415,787,173,193,0,856,1375,155,564,1694,340,746,12,171,231,530,228,54,526,171,25,83,23,83,112,71,28,179,0,340,581,803,115,530,47,329,1080,98,590,67,60,183,92,343,395,1175,311,107,1160,1586,2102,3934,189,194,632,146,64,135,262,160,87,2242,4513,57,44,156,68,884,78,38,53,217,0,20,217,146,22,81,200,70,92,825,65,701,438,1245,46,54,412,167,6316,88,5824,819,285,1318,287,1545,1344,51,299,440,65,568,3133,288,52,41,1141,102,57,0,1265,1520,74,806,752,98,392,90,79,346,160,391,23,387,33,48,74,167,81,107,118,125,182,522,3797,137,60,22,439,370,342,1181,1290,129,850,685,146,107,141,108,989,45,105,741,2139,275,86,1332,120,260,61,1107,106,29,58,12,823,115,1166,419,144,2334,3724,0,773,503,72,473,194,495,470,2618,506,202,339,397,54,388,43,0,1534,255,2233,612,507,52,37,152,121,860,178,95,96,125,0,1078,125,146,227,1167,99,547.0
NV,645,232,333,843,68,2601,1956,3863,383,725,8808,367,820,398,255,2771,7057,111,1408,610,730,838,299,125,600,72,282,45,548,414,316,403,133,112,796,211,3108,0,341,590,82,361,15,1075,1726,93,392,1893,810,2317,131,116,113,1053,462,140,1102,432,139,450,336,173,332,92,93,405,57,259,516,841,386,647,91,403,1350,427,855,387,57,709,164,1357,427,829,25,258,1657,1846,3862,4582,299,1059,1251,391,153,176,148,190,955,3337,9128,36,397,123,71,1102,291,35,172,784,0,78,594,233,252,105,216,200,177,468,182,397,945,1848,109,165,237,610,7561,253,9868,2142,181,1314,1224,4524,2249,159,737,698,306,1332,5456,465,1077,162,640,430,173,72,2426,3501,126,498,796,192,1182,97,125,316,67,536,116,687,118,42,368,108,258,121,197,363,22,460,6932,238,143,100,15,413,166,2548,2060,267,1641,973,30,116,692,445,2212,194,150,3295,1804,169,53,1524,41,279,77,1084,44,59,440,84,789,239,855,374,122,2161,7563,39,825,946,75,591,282,579,716,1909,1733,959,716,941,0,450,61,164,2367,736,2302,737,829,81,35,341,247,657,385,584,335,268,166,2080,485,857,317,2618,108,545.0
NY,6191,4154,1150,16785,1374,17080,13840,15296,2812,4740,86604,7250,11456,5729,362,28444,74699,4241,12537,4110,6736,3646,2496,2058,4481,1082,3060,1056,2398,4542,4626,4570,1616,6975,1364,807,24557,1120,5909,4080,3690,3984,1848,11536,15315,1230,4728,11578,6110,33685,3282,3002,2176,27743,3101,3134,4591,2151,1540,4083,4198,3300,5921,1140,1040,12327,713,4974,3021,16979,5428,4609,688,3199,10559,17396,13958,866,2489,10682,1184,8347,5107,12107,2196,1751,7879,19366,51835,33245,2384,11053,8553,4425,3986,2785,2622,3986,7682,39017,24103,2042,1537,1750,1479,10470,2011,1421,3957,11375,1349,4577,15675,3471,1627,1208,3295,4049,3970,4965,3838,6066,12147,18473,1145,3873,6185,6461,67196,4425,62130,9552,1435,9530,12788,37893,7904,4714,6305,7068,5140,11942,50819,9359,1864,663,3120,2671,1983,1019,49905,48503,2264,12010,18013,1142,2930,3802,1120,10979,2668,7164,3065,20181,1410,2462,7709,1784,2175,1920,1377,4211,2763,6026,75622,883,231,1114,1350,2848,5154,15069,8283,2828,21818,8422,925,1521,4131,7529,14661,2687,1327,22839,17932,2425,1538,17617,377,2178,1304,11795,5268,1840,11377,2726,14284,4830,9834,3003,1765,22009,84030,864,13183,7255,2185,5060,1093,6525,13056,32264,983,2568,5855,2705,1060,3246,2279,2418,12214,4984,12560,5736,6259,2753,2976,9974,1050,6398,6083,3097,4305,7203,1536,32549,5846,6810,1540,24143,875,2300.0
OH,4432,1835,1060,6456,516,8931,10715,16843,2823,4596,46803,2490,7388,3505,1150,16649,52748,1663,9153,4254,4092,1700,715,558,3298,1344,897,1477,2354,3830,4893,1826,2662,3348,936,598,18702,744,3772,5547,935,863,1235,8907,17121,1167,1249,11819,5482,22518,1264,1226,1268,8862,4011,971,5465,1916,1588,3308,2504,2554,4332,818,1009,3550,606,5848,2959,11909,1217,3524,904,3439,9544,3527,9962,1176,2896,4959,325,7823,3085,7793,699,1958,7975,12332,43920,29133,2402,9891,5787,1673,1507,2271,2005,2240,4597,23365,35462,1009,622,1191,708,5415,2040,1226,884,9568,3307,988,6922,1677,1531,2277,7385,1291,1621,5575,2992,5901,7017,6693,1032,1903,5369,4755,54043,1417,57164,11006,1463,15711,7328,21580,5457,665,2016,4912,2712,10713,30937,6097,1328,840,2813,3096,1441,1514,19890,38252,1148,8759,10086,545,2517,1599,881,7542,4471,4232,615,9888,930,634,2355,1985,2785,1022,2449,3338,2078,5044,43510,1549,244,765,2270,3899,6175,16961,6920,2496,15146,6367,1165,2024,3402,5136,19703,1653,1526,21379,16295,1058,1093,11011,1783,1942,1310,9490,1483,769,3106,1548,6908,1744,7444,4126,2212,18611,45640,2708,7445,7265,1254,5713,924,4672,8140,16742,2613,1832,2272,4071,552,3669,2787,1744,18890,1173,14204,2463,7500,950,708,4008,1481,5887,1385,2127,1851,1153,722,23237,3558,5067,1423,10712,563,2744.0
OK,406,554,485,2080,166,2152,2343,4049,1107,1581,12032,959,1294,899,34,3337,10095,385,1767,1061,596,825,352,294,108,142,330,258,418,597,776,644,283,1143,706,209,5489,227,1485,1145,111,349,241,1920,4005,316,293,1778,1588,5866,123,140,580,2258,1623,425,1511,599,225,579,1196,329,352,528,263,820,222,382,106,3079,192,909,245,1038,2390,1049,1698,1039,363,802,126,875,1634,1379,82,532,2049,4305,9713,9414,542,1504,1650,518,181,619,103,370,596,6229,16864,87,603,439,281,1573,436,346,369,1581,26,337,1323,257,202,217,555,201,448,714,309,1104,1092,810,647,739,1221,1624,13170,77,13142,3127,68,1515,1886,5265,1811,136,443,2458,302,5360,7090,1551,357,336,1080,1193,341,441,4388,6416,234,1199,2709,615,1980,562,282,2380,669,1013,299,2201,142,230,591,524,663,351,282,861,367,409,11364,424,389,255,23,782,613,3021,3155,752,2716,1358,126,278,981,1230,6686,619,416,5517,3778,1166,438,3182,781,606,428,1311,239,228,402,296,2551,185,738,1152,102,3384,8800,191,1870,1828,470,1343,220,820,1537,3526,1201,483,485,2095,382,869,71,488,5143,365,2562,972,1222,261,165,1051,224,1339,255,892,518,723,196,3741,1598,1147,163,3650,205,777.0
OR,889,669,678,2266,245,2744,2931,2408,616,1366,10660,222,1046,391,217,5797,10642,239,1422,1042,433,580,492,135,443,227,97,251,857,1080,620,437,472,951,245,72,4298,144,598,1073,350,856,154,1866,4675,286,528,3194,961,2952,153,238,579,1548,1033,150,1264,800,97,657,639,387,547,284,113,501,165,991,546,2090,334,904,237,453,2247,467,1812,1060,213,882,231,656,1065,1930,322,333,2731,3863,9483,8439,571,1343,1797,395,460,125,303,386,547,6552,13124,115,384,249,63,976,453,532,354,1115,265,51,359,207,351,175,694,251,278,1422,357,1516,980,1410,131,109,934,412,14598,728,16395,2069,368,3510,1008,7264,4375,30,180,775,128,1257,8254,887,1025,317,2810,331,220,273,6016,7490,162,1607,1978,503,1854,323,233,1114,204,674,58,406,126,148,423,364,615,512,359,265,629,1160,12986,390,210,11,120,950,604,2420,5309,480,2563,1590,275,361,564,1172,5619,292,646,3838,4419,589,237,2999,336,683,261,2523,117,47,351,80,1610,139,1300,861,266,3855,10608,235,2113,1870,178,1002,284,490,928,4716,772,589,305,852,190,384,30,321,2937,142,5306,1449,1704,174,102,224,294,1339,612,432,533,439,133,6712,293,480,464,2383,220,522.0
PA,3883,2917,596,11329,1205,10067,12127,19763,2858,4118,56270,4964,8052,3462,858,23388,57356,1556,10157,3465,4682,2466,3642,2122,3597,1238,1130,2831,4089,3332,4108,2827,1837,4459,1336,483,19407,1567,6007,5248,1225,1366,912,7044,20585,1291,1932,14053,6777,27857,2209,1841,1598,13544,3665,1566,3945,1944,1532,4386,4895,3810,7265,983,808,6948,720,3319,2668,12165,2052,3730,900,3147,9693,5249,11067,559,1822,5433,1293,8011,5567,5108,980,1549,9052,12815,49727,30424,1965,9038,7168,3237,2658,1953,1642,2905,4906,29570,31992,982,702,1049,1024,7010,2202,1044,2750,11991,4523,1014,7638,2038,1683,1932,7163,2108,1677,4380,2894,4958,6120,7894,989,2030,4804,4394,66997,1477,67728,11036,1369,23060,6986,23677,6300,1895,3151,5356,3337,9020,36156,5918,1427,817,2289,3941,1574,1387,30341,47273,1047,8600,10089,1087,4138,2246,509,6722,3444,4047,1454,10155,1576,1246,3191,1338,2598,1765,2103,2272,2079,4325,56136,1591,594,619,768,2277,3442,15714,13714,3853,24331,7321,1257,1978,3593,5271,20667,2467,2315,23258,16064,1754,1270,8306,428,1898,1266,9324,3927,1573,3564,1780,12045,2207,8393,3642,873,19954,63020,1775,10323,7334,1184,4058,993,3462,9130,15895,2933,1972,2651,2019,1518,4052,1123,1511,19251,2881,12603,4068,6324,1227,1986,6445,1038,7495,5871,3492,3567,2524,1321,30417,5508,7900,1423,11488,679,2732.0
RI,221,147,97,1429,213,1080,1156,1534,127,485,6685,330,904,249,32,3208,6441,240,1117,211,272,209,158,90,25,257,130,172,358,201,240,222,87,306,24,27,1282,118,279,389,103,250,106,957,1534,127,200,1647,220,1738,141,291,240,1197,276,112,477,232,79,424,502,194,988,206,142,670,13,167,62,931,73,1010,104,210,620,729,893,15,211,236,165,1025,226,1494,213,187,756,1389,5730,2228,214,1068,952,638,145,223,11,328,426,3092,2880,103,57,145,0,885,259,31,114,801,92,53,287,316,135,218,505,241,192,197,80,712,384,564,75,79,279,359,4727,213,7579,1687,54,1668,1013,3314,1339,54,69,221,426,992,3536,700,61,14,48,118,76,104,2563,5597,91,1038,1852,63,240,222,145,602,260,676,19,544,55,97,311,114,180,79,140,87,105,125,6028,243,0,31,13,421,517,1074,789,253,1434,701,45,92,227,905,649,252,86,2892,1839,27,58,1676,0,223,107,920,581,136,449,25,1132,127,408,316,25,2577,6513,246,1560,511,118,548,56,507,728,3582,307,299,89,15,63,124,31,16,1461,130,2646,402,572,72,181,494,217,719,228,559,171,169,16,4654,245,393,19,991,74,247.0
SC,813,427,637,2619,636,2690,5369,9340,1671,2517,26784,3067,3157,1342,518,5357,20354,639,3243,1441,1733,3430,682,787,762,875,573,170,767,1218,1030,1965,428,664,404,418,10497,487,2201,1757,266,1218,578,3657,5670,320,1174,5274,3107,11616,524,1252,844,8144,1441,832,3057,1158,554,1366,1510,928,1572,889,444,2761,160,1986,635,4163,1111,1647,298,1248,4255,1564,3386,1146,696,4069,305,3866,836,2442,105,1536,4074,6483,18553,11120,937,2911,2534,2280,1286,208,359,1009,2471,10142,21024,185,332,685,239,2136,837,189,855,5079,264,606,2045,697,951,707,2880,680,585,870,565,1787,2890,5532,676,1136,2175,2212,21965,216,22516,6744,122,6652,4466,10217,1366,318,1867,2796,1258,4538,14216,4084,162,187,209,953,496,540,11578,16034,401,3742,3784,254,819,1015,173,2930,1035,1707,231,6328,442,249,1259,1036,1746,206,631,1154,478,1233,18894,840,227,303,500,926,676,4297,2082,502,4741,2810,350,957,2081,1920,8766,1123,519,16968,5899,965,219,4665,1625,511,180,3048,567,378,1690,871,6213,698,2222,1352,312,6224,17158,940,2781,3069,362,2767,301,1568,3320,6495,2278,735,1253,1439,275,830,149,1206,9695,1389,5045,1391,2717,484,909,3604,392,2222,918,1444,1120,993,428,6712,2916,2148,473,5985,258,701.0
SD,742,194,29,523,46,1030,647,721,147,534,2957,33,424,121,253,1174,1988,32,738,510,60,206,87,28,434,41,59,102,366,580,390,305,440,588,51,46,1275,207,182,505,52,37,12,618,1662,26,187,1668,206,1266,0,50,81,916,207,87,171,32,23,183,441,476,143,87,45,159,33,470,240,962,73,245,31,269,950,329,817,82,61,148,25,281,624,610,39,145,1194,943,3183,1831,290,78,328,251,181,76,41,151,213,1406,2489,29,22,32,115,115,91,42,203,637,460,56,180,162,157,183,367,142,39,547,125,312,245,694,21,112,435,376,4063,92,3636,467,245,1405,418,1917,283,0,100,466,134,585,1247,262,24,0,62,122,53,101,2147,2408,57,861,583,52,310,85,75,375,247,72,48,357,77,28,50,98,173,159,80,114,115,818,4195,126,73,56,122,358,267,185,350,246,494,476,45,310,88,729,1948,170,249,733,1353,110,121,409,0,163,58,887,79,53,278,17,361,73,744,291,56,1343,3593,128,609,464,49,320,16,271,461,1353,220,85,195,151,21,534,0,124,1675,77,1110,534,332,86,13,164,119,789,286,267,335,0,67,2639,176,214,181,784,43,63.0
TN,1486,1362,767,3468,295,5141,6762,16565,1440,3640,30365,2543,3347,2732,416,9553,20593,1152,5014,2941,2680,5206,944,813,1244,376,755,792,1293,1645,2395,1719,541,1223,1109,681,14707,321,1946,2894,280,1037,421,4894,10407,778,575,7471,5127,13025,495,852,1139,6522,1783,1482,4576,1037,1643,1653,1225,993,1662,1231,569,2298,537,2075,711,6466,838,2758,1061,1556,6363,1923,5552,2354,1452,3478,350,5556,2338,4677,270,2278,4163,7154,25564,21274,1995,7909,2791,777,362,1166,555,1780,4489,13808,40032,342,237,847,381,2597,1553,348,731,3988,488,742,3235,739,1184,707,2270,843,745,1656,1379,3814,3387,3404,1180,1140,2292,3626,31854,249,31589,6156,338,8405,4169,12736,5813,225,1325,4789,1787,11397,19384,4235,523,741,2281,2975,1534,597,8164,17894,751,4216,5969,768,3995,821,1293,3689,1215,2066,591,7134,429,550,2202,916,1319,805,1052,1169,1108,1569,28142,1404,205,402,687,2503,1419,8964,6164,1510,10943,3402,372,1425,2138,2528,14369,520,1022,12486,8351,1565,650,7545,3100,1519,525,4239,1348,486,2606,540,7791,598,2642,2412,550,9558,28082,1011,4446,4584,560,3715,418,1819,4013,11295,2188,1317,1204,4131,574,1412,108,587,10070,977,8172,1640,5332,585,457,2724,502,2879,538,1393,2277,658,618,11460,1532,2660,507,7951,358,1269.0
TX,4614,4868,1213,8734,913,14038,12304,25560,4270,6666,58687,4562,8794,4116,1557,13724,52693,2673,12066,3819,5125,4119,3133,1747,3144,1317,2803,754,1730,3652,3861,3550,1706,3102,2941,403,27044,1970,5396,5816,2201,1032,1290,11473,15515,2158,2185,14346,8893,25699,1373,1152,2119,17546,4523,2148,5247,1933,1678,3253,2820,1323,1324,1122,841,6488,844,3248,2410,15258,4392,3772,954,3568,12928,5789,11750,2975,4060,3977,566,8610,3907,5673,422,2380,8443,17882,43980,37838,2615,10599,8415,2630,1324,1915,1001,3136,6590,23239,80781,870,699,1698,1062,5705,2359,1053,1895,7731,1176,1698,7796,1817,1066,1176,3560,1417,2634,3237,1307,6399,7051,16368,1737,2420,4783,8454,69833,1437,65943,16094,1006,12426,10256,29225,6610,1522,5702,9395,2418,18556,40596,7404,994,1450,4628,5553,2075,1867,30228,29673,1874,7102,13348,450,2578,3504,1449,11559,5887,5708,2537,19128,1417,1580,4587,1995,2538,1146,1804,2398,1965,3558,38220,2304,1061,1178,1946,3023,2490,1574,1593,743,21355,5713,389,1834,4279,3617,24996,2480,2225,29061,19646,2777,1657,10965,2604,2048,888,9506,1317,1184,4556,1221,7451,2565,5392,4015,1746,18568,49003,1627,8794,7358,1233,6954,1132,5828,13101,18496,6873,2097,3987,5792,860,4649,728,1676,32342,4577,16058,4899,5684,1102,1197,6082,717,5583,2178,2626,3978,3805,1313,17669,5287,5200,1412,18466,949,2601.0
UT,184,96,141,595,0,1132,642,1441,55,515,2648,98,541,394,154,473,2403,232,728,282,96,269,84,105,82,48,27,72,377,345,229,150,274,451,93,48,1198,192,637,538,37,265,0,1028,1719,42,154,1544,292,673,0,58,139,379,153,203,488,297,38,56,50,47,90,95,12,90,135,358,347,861,37,190,17,161,1471,102,896,324,32,137,21,532,379,1093,41,283,1275,1686,1721,3504,107,413,178,57,69,52,25,82,38,1418,5266,45,61,31,30,882,133,214,223,116,28,25,250,150,42,25,155,11,45,666,242,691,406,354,43,79,497,336,4715,85,3617,792,0,1271,887,1690,198,35,71,545,11,1227,2439,532,250,97,688,73,100,27,1068,850,59,431,610,38,343,181,37,344,153,352,25,337,24,67,35,214,28,164,156,93,122,387,5147,245,82,0,116,649,357,1284,939,112,901,388,82,78,145,513,1478,63,428,1388,1287,225,131,805,96,240,214,786,31,32,157,12,466,83,448,802,27,1766,3732,30,486,566,131,640,257,99,493,1988,347,128,17,419,0,656,0,93,2026,74,2133,362,414,163,11,227,53,447,125,117,333,125,38,1052,146,101,151,1923,107,603.0
VA,1549,1177,305,2899,410,3341,4403,9579,1122,2987,23625,1399,3428,1806,657,7416,18523,637,4077,1748,1313,1659,429,406,1305,460,375,974,1389,1633,1598,1211,896,1490,316,302,8013,767,1257,2812,552,559,214,3543,5924,508,477,6421,3051,8577,253,915,660,5044,1895,685,2915,1809,835,914,756,966,1244,559,523,2172,231,1305,1030,4661,557,1440,429,1245,3767,1620,3745,579,557,1542,401,2802,1261,1781,173,1196,3744,7476,16910,14930,1137,3751,3403,1141,768,514,749,1203,2672,12095,17919,279,650,697,137,2187,1176,416,345,3766,282,409,2657,801,590,950,2542,505,720,1353,1103,2576,2605,3355,566,723,2030,2253,21953,591,24850,5052,497,6475,3661,11461,3244,264,676,2053,1535,4114,14082,2771,320,228,1306,966,713,433,9535,12635,571,2993,5404,226,693,595,579,2442,1441,1453,781,4966,656,304,944,633,958,667,714,729,801,1697,21637,989,312,274,522,1077,1015,7548,3342,410,6968,2701,602,991,976,2468,7009,563,660,11796,6833,674,602,5154,1281,1040,499,4810,1005,249,1024,259,4560,399,2410,1573,390,7955,20234,412,3169,3026,760,1899,412,1390,3224,5812,1112,884,1330,1907,243,1641,351,469,10295,820,6126,1928,2260,481,330,2086,378,2414,711,1052,631,1097,286,9842,1280,2208,571,5411,342,980.0
VT,330,22,85,443,0,228,214,375,28,279,1280,0,159,54,63,989,1269,29,254,199,114,25,55,0,152,0,103,13,233,415,127,0,46,38,30,0,320,16,125,276,26,52,12,207,1046,25,44,995,78,369,11,0,147,187,265,78,408,75,21,23,24,74,101,68,0,87,50,174,128,153,279,12,25,59,391,87,448,0,0,197,15,101,264,313,159,15,525,392,1131,1336,103,89,163,83,80,13,92,14,24,1170,1193,0,199,33,0,335,32,0,28,232,71,0,104,29,24,0,42,12,28,147,58,112,310,586,36,0,144,110,2073,0,2241,205,17,1259,144,762,139,0,318,240,56,182,909,196,234,99,24,71,136,0,1103,1235,0,324,246,182,295,11,34,149,11,66,30,386,24,20,70,79,66,47,47,34,88,423,2323,88,52,12,59,161,301,524,632,145,603,311,12,0,0,163,332,76,32,309,455,11,0,697,27,100,0,688,0,41,74,93,331,218,427,151,78,917,2331,54,409,268,35,204,78,97,91,786,72,52,346,33,15,147,0,84,846,162,914,65,64,91,13,87,38,396,115,52,208,0,16,1021,142,147,56,622,40,83.0
WA,1166,946,627,2812,296,3645,4170,4045,820,1595,14328,187,1440,1023,547,7239,15470,464,2026,1966,934,692,391,177,953,108,317,210,1718,1331,1322,239,250,1740,554,203,6335,241,615,2151,571,500,65,2076,6718,303,693,5072,1184,4759,158,486,662,3339,1309,427,1528,750,397,1097,1091,830,929,589,250,1197,172,1159,727,2736,463,1009,496,653,2779,894,1937,1296,201,771,222,1589,1597,1445,681,522,4318,5433,13787,10222,636,1286,2412,447,435,384,511,783,950,10852,17614,331,857,351,158,1638,683,453,244,2455,449,81,735,240,283,244,751,205,400,2560,569,2281,2125,2312,370,318,844,660,20677,580,24022,1839,460,5345,1354,10043,4927,279,491,1441,178,2049,10351,2052,1427,1125,835,300,437,300,9063,9541,281,2853,2118,543,3135,448,230,1515,350,1218,151,1231,316,222,466,513,993,976,638,695,474,1680,17820,526,490,23,287,1498,1204,3998,8211,1397,3311,1907,138,582,496,2108,8164,535,1264,6120,5128,755,280,5287,568,832,388,3746,117,172,568,143,4478,1065,2989,1155,366,6055,15734,234,3369,2737,230,1466,551,822,1507,5492,1051,729,453,1086,186,706,137,599,4874,452,7056,1622,2569,205,37,451,351,2620,829,719,730,597,175,10650,1328,630,643,4244,365,979.0
WI,1662,1163,542,4103,230,4579,4928,4985,959,1774,19211,526,3147,716,580,8225,20787,201,2370,1223,1488,1585,336,123,1278,268,352,839,1417,1939,1569,550,695,1210,197,428,6570,171,1012,1292,533,655,267,1960,6582,535,432,5560,1631,7977,245,586,1026,4311,1650,283,2020,550,299,1461,1539,939,618,748,157,1462,343,1593,1027,4480,216,1978,277,563,2974,2744,2843,487,314,1466,94,2326,2399,1549,754,301,4298,4832,20617,11077,873,2574,2063,1021,278,592,508,1064,1646,11812,14888,209,215,343,206,1351,374,288,517,2983,504,113,1338,317,554,420,1605,516,128,1960,538,1605,2986,2437,354,457,1262,847,20365,1255,22322,4184,627,7341,2067,9691,3240,183,610,1627,408,1973,9402,2546,662,175,1216,320,897,575,10708,14924,172,4064,2945,376,2629,472,279,2635,777,1056,296,2376,462,337,741,437,827,753,365,1024,864,1946,20233,591,278,87,196,1300,1636,4512,5232,1938,5666,2894,202,372,946,3618,9136,677,676,7885,6602,582,203,4408,108,760,384,4879,478,131,422,287,3092,555,2919,1655,119,7909,20186,434,2829,3239,211,1177,275,1500,1087,4248,763,820,807,1286,170,750,394,551,7159,578,5688,1552,3338,303,121,768,561,2871,838,881,1180,827,206,16038,1025,2387,361,4326,292,853.0
WV,657,373,46,1753,36,1199,2233,6241,512,1200,9196,748,1762,773,1154,3572,8277,662,1781,445,895,524,531,232,559,374,75,73,439,860,1008,512,273,345,58,63,3404,506,1130,1820,72,197,361,2061,3145,261,527,3126,1896,5817,165,297,408,3372,961,1741,1665,719,659,588,865,419,664,162,182,1078,215,604,356,2036,30,497,239,545,2840,1267,2026,342,319,661,410,1824,737,1056,70,553,2111,2700,10130,6855,588,1875,1615,554,477,486,204,452,689,5535,10327,399,75,308,142,1376,547,185,376,2130,115,212,1466,617,343,454,1679,282,335,796,939,907,1352,907,232,532,525,1283,12409,78,13265,2838,215,4104,1523,4246,1434,183,160,1067,674,2145,6752,1184,200,268,305,813,758,293,6236,7177,382,1559,2984,96,326,372,263,1383,399,1187,286,3815,207,237,490,290,710,59,222,400,518,550,13300,796,114,161,294,626,535,2327,1071,229,4164,1553,322,444,799,1773,3754,278,370,4316,2470,401,202,3472,404,450,179,1668,596,165,829,473,4532,160,866,1111,130,3177,9900,407,1764,2033,848,1160,141,1289,2582,6051,735,352,201,862,188,899,122,364,3982,242,2622,1114,1289,166,160,992,74,1257,297,581,556,220,321,5267,710,1415,330,2665,126,627.0
WY,131,126,18,279,11,304,828,400,57,184,1277,60,387,92,30,757,1079,129,416,115,91,76,134,25,0,13,25,28,24,89,46,272,37,133,29,39,329,63,151,258,24,15,12,345,660,57,107,382,79,543,26,47,101,223,222,126,121,99,0,79,73,54,22,112,0,205,39,136,49,518,0,193,13,157,432,248,541,39,12,119,82,157,279,548,44,160,216,524,2262,1093,239,156,115,89,44,59,26,63,62,870,2078,13,47,65,14,185,62,23,59,132,0,77,529,0,105,92,173,27,46,45,43,331,121,103,80,127,116,182,3639,22,2117,150,32,568,263,1330,99,0,28,249,89,669,1132,558,74,71,203,124,84,121,708,997,56,181,321,61,354,70,36,293,187,85,0,360,16,0,28,106,22,29,53,50,77,126,2051,177,27,104,34,116,139,423,520,194,728,249,40,141,163,91,1702,48,92,455,437,44,48,323,130,27,31,275,38,0,101,0,285,67,104,187,0,516,2001,14,285,379,92,289,12,156,281,1157,50,73,21,45,22,45,25,23,468,13,328,142,440,81,52,129,90,229,109,165,122,71,24,860,168,113,23,399,24,109.0
